<scene>
  <description text="A 'fountain' of particles created using the tag features and the scripting callback in main. These features are intended to aid in the development of compelling creative scenes."/>
  <scenetag tag="ParticleFountain"/>

  <duration time="100000.0"/>
  <integrator type="explicit-euler" dt="0.1"/>
  <maxsimfreq max="100.0"/>

  <particle m="1.0" px="0.0" py="0.0" vx="0.0" vy="0.02" fixed="0" radius="0.02" tag="teleport"/>
  <particle m="1.0" px="0.0" py="0.0" vx="0.0" vy="0.03" fixed="0" radius="0.02" tag="teleport"/>
  <particle m="1.0" px="0.0" py="0.0" vx="0.0" vy="0.04" fixed="0" radius="0.02" tag="teleport"/>
  <particle m="1.0" px="0.0" py="0.0" vx="0.0" vy="0.05" fixed="0" radius="0.02" tag="teleport"/>
  <particle m="1.0" px="0.0" py="0.0" vx="0.0" vy="0.06" fixed="0" radius="0.02" tag="teleport"/>
  <particle m="1.0" px="0.0" py="0.0" vx="0.0" vy="0.07" fixed="0" radius="0.02" tag="teleport"/>
  <particle m="1.0" px="0.0" py="0.0" vx="0.0" vy="0.08" fixed="0" radius="0.02" tag="teleport"/>
  <particle m="1.0" px="0.0" py="0.0" vx="0.0" vy="0.09" fixed="0" radius="0.02" tag="teleport"/>
  <particle m="1.0" px="0.0" py="0.0" vx="0.0" vy="0.02" fixed="0" radius="0.02" tag="teleport"/>
  <particle m="1.0" px="0.0" py="0.0" vx="0.0" vy="0.03" fixed="0" radius="0.02" tag="teleport"/>
  <particle m="1.0" px="0.0" py="0.0" vx="0.0" vy="0.04" fixed="0" radius="0.02" tag="teleport"/>
  <particle m="1.0" px="0.0" py="0.0" vx="0.0" vy="0.05" fixed="0" radius="0.02" tag="teleport"/>
  <particle m="1.0" px="0.0" py="0.0" vx="0.0" vy="0.06" fixed="0" radius="0.02" tag="teleport"/>
  <particle m="1.0" px="0.0" py="0.0" vx="0.0" vy="0.07" fixed="0" radius="0.02" tag="teleport"/>
  <particle m="1.0" px="0.0" py="0.0" vx="0.0" vy="0.08" fixed="0" radius="0.02" tag="teleport"/>
  <particle m="1.0" px="0.0" py="0.0" vx="0.0" vy="0.09" fixed="0" radius="0.02" tag="teleport"/>
  <particle m="1.0" px="0.0" py="0.0" vx="0.0" vy="0.02" fixed="0" radius="0.02" tag="teleport"/>
  <particle m="1.0" px="0.0" py="0.0" vx="0.0" vy="0.03" fixed="0" radius="0.02" tag="teleport"/>
  <particle m="1.0" px="0.0" py="0.0" vx="0.0" vy="0.04" fixed="0" radius="0.02" tag="teleport"/>
  <particle m="1.0" px="0.0" py="0.0" vx="0.0" vy="0.05" fixed="0" radius="0.02" tag="teleport"/>
  <particle m="1.0" px="0.0" py="0.0" vx="0.0" vy="0.06" fixed="0" radius="0.02" tag="teleport"/>
  <particle m="1.0" px="0.0" py="0.0" vx="0.0" vy="0.07" fixed="0" radius="0.02" tag="teleport"/>
  <particle m="1.0" px="0.0" py="0.0" vx="0.0" vy="0.08" fixed="0" radius="0.02" tag="teleport"/>
  <particle m="1.0" px="0.0" py="0.0" vx="0.0" vy="0.09" fixed="0" radius="0.02" tag="teleport"/>
  <particle m="1.0" px="0.0" py="0.0" vx="0.0" vy="0.02" fixed="0" radius="0.02" tag="teleport"/>
  <particle m="1.0" px="0.0" py="0.0" vx="0.0" vy="0.03" fixed="0" radius="0.02" tag="teleport"/>
  <particle m="1.0" px="0.0" py="0.0" vx="0.0" vy="0.04" fixed="0" radius="0.02" tag="teleport"/>
  <particle m="1.0" px="0.0" py="0.0" vx="0.0" vy="0.05" fixed="0" radius="0.02" tag="teleport"/>
  <particle m="1.0" px="0.0" py="0.0" vx="0.0" vy="0.06" fixed="0" radius="0.02" tag="teleport"/>
  <particle m="1.0" px="0.0" py="0.0" vx="0.0" vy="0.07" fixed="0" radius="0.02" tag="teleport"/>
  <particle m="1.0" px="0.0" py="0.0" vx="0.0" vy="0.08" fixed="0" radius="0.02" tag="teleport"/>
  <particle m="1.0" px="0.0" py="0.0" vx="0.0" vy="0.09" fixed="0" radius="0.02" tag="teleport"/>
  <particle m="1.0" px="0.0" py="0.0" vx="0.0" vy="0.02" fixed="0" radius="0.02" tag="teleport"/>
  <particle m="1.0" px="0.0" py="0.0" vx="0.0" vy="0.03" fixed="0" radius="0.02" tag="teleport"/>
  <particle m="1.0" px="0.0" py="0.0" vx="0.0" vy="0.04" fixed="0" radius="0.02" tag="teleport"/>
  <particle m="1.0" px="0.0" py="0.0" vx="0.0" vy="0.05" fixed="0" radius="0.02" tag="teleport"/>
  <particle m="1.0" px="0.0" py="0.0" vx="0.0" vy="0.06" fixed="0" radius="0.02" tag="teleport"/>
  <particle m="1.0" px="0.0" py="0.0" vx="0.0" vy="0.07" fixed="0" radius="0.02" tag="teleport"/>
  <particle m="1.0" px="0.0" py="0.0" vx="0.0" vy="0.08" fixed="0" radius="0.02" tag="teleport"/>
  <particle m="1.0" px="0.0" py="0.0" vx="0.0" vy="0.09" fixed="0" radius="0.02" tag="teleport"/>
  <particle m="1.0" px="0.0" py="0.0" vx="0.0" vy="0.02" fixed="0" radius="0.02" tag="teleport"/>
  <particle m="1.0" px="0.0" py="0.0" vx="0.0" vy="0.03" fixed="0" radius="0.02" tag="teleport"/>
  <particle m="1.0" px="0.0" py="0.0" vx="0.0" vy="0.04" fixed="0" radius="0.02" tag="teleport"/>
  <particle m="1.0" px="0.0" py="0.0" vx="0.0" vy="0.05" fixed="0" radius="0.02" tag="teleport"/>
  <particle m="1.0" px="0.0" py="0.0" vx="0.0" vy="0.06" fixed="0" radius="0.02" tag="teleport"/>
  <particle m="1.0" px="0.0" py="0.0" vx="0.0" vy="0.07" fixed="0" radius="0.02" tag="teleport"/>
  <particle m="1.0" px="0.0" py="0.0" vx="0.0" vy="0.08" fixed="0" radius="0.02" tag="teleport"/>
  <particle m="1.0" px="0.0" py="0.0" vx="0.0" vy="0.09" fixed="0" radius="0.02" tag="teleport"/>
  <particle m="1.0" px="0.0" py="0.0" vx="0.0" vy="0.02" fixed="0" radius="0.02" tag="teleport"/>
  <particle m="1.0" px="0.0" py="0.0" vx="0.0" vy="0.03" fixed="0" radius="0.02" tag="teleport"/>
  <particle m="1.0" px="0.0" py="0.0" vx="0.0" vy="0.04" fixed="0" radius="0.02" tag="teleport"/>
  <particle m="1.0" px="0.0" py="0.0" vx="0.0" vy="0.05" fixed="0" radius="0.02" tag="teleport"/>
  <particle m="1.0" px="0.0" py="0.0" vx="0.0" vy="0.06" fixed="0" radius="0.02" tag="teleport"/>
  <particle m="1.0" px="0.0" py="0.0" vx="0.0" vy="0.07" fixed="0" radius="0.02" tag="teleport"/>
  <particle m="1.0" px="0.0" py="0.0" vx="0.0" vy="0.08" fixed="0" radius="0.02" tag="teleport"/>
  <particle m="1.0" px="0.0" py="0.0" vx="0.0" vy="0.09" fixed="0" radius="0.02" tag="teleport"/>
  <particle m="1.0" px="0.0" py="0.0" vx="0.0" vy="0.02" fixed="0" radius="0.02" tag="teleport"/>
  <particle m="1.0" px="0.0" py="0.0" vx="0.0" vy="0.03" fixed="0" radius="0.02" tag="teleport"/>
  <particle m="1.0" px="0.0" py="0.0" vx="0.0" vy="0.04" fixed="0" radius="0.02" tag="teleport"/>
  <particle m="1.0" px="0.0" py="0.0" vx="0.0" vy="0.05" fixed="0" radius="0.02" tag="teleport"/>
  <particle m="1.0" px="0.0" py="0.0" vx="0.0" vy="0.06" fixed="0" radius="0.02" tag="teleport"/>
  <particle m="1.0" px="0.0" py="0.0" vx="0.0" vy="0.07" fixed="0" radius="0.02" tag="teleport"/>
  <particle m="1.0" px="0.0" py="0.0" vx="0.0" vy="0.08" fixed="0" radius="0.02" tag="teleport"/>
  <particle m="1.0" px="0.0" py="0.0" vx="0.0" vy="0.09" fixed="0" radius="0.02" tag="teleport"/>
  <particle m="1.0" px="0.0" py="0.0" vx="0.0" vy="0.02" fixed="0" radius="0.02" tag="teleport"/>
  <particle m="1.0" px="0.0" py="0.0" vx="0.0" vy="0.03" fixed="0" radius="0.02" tag="teleport"/>
  <particle m="1.0" px="0.0" py="0.0" vx="0.0" vy="0.04" fixed="0" radius="0.02" tag="teleport"/>
  <particle m="1.0" px="0.0" py="0.0" vx="0.0" vy="0.05" fixed="0" radius="0.02" tag="teleport"/>
  <particle m="1.0" px="0.0" py="0.0" vx="0.0" vy="0.06" fixed="0" radius="0.02" tag="teleport"/>
  <particle m="1.0" px="0.0" py="0.0" vx="0.0" vy="0.07" fixed="0" radius="0.02" tag="teleport"/>
  <particle m="1.0" px="0.0" py="0.0" vx="0.0" vy="0.08" fixed="0" radius="0.02" tag="teleport"/>
  <particle m="1.0" px="0.0" py="0.0" vx="0.0" vy="0.09" fixed="0" radius="0.02" tag="teleport"/>
  <particle m="1.0" px="0.0" py="0.0" vx="0.0" vy="0.02" fixed="0" radius="0.02" tag="teleport"/>
  <particle m="1.0" px="0.0" py="0.0" vx="0.0" vy="0.03" fixed="0" radius="0.02" tag="teleport"/>
  <particle m="1.0" px="0.0" py="0.0" vx="0.0" vy="0.04" fixed="0" radius="0.02" tag="teleport"/>
  <particle m="1.0" px="0.0" py="0.0" vx="0.0" vy="0.05" fixed="0" radius="0.02" tag="teleport"/>
  <particle m="1.0" px="0.0" py="0.0" vx="0.0" vy="0.06" fixed="0" radius="0.02" tag="teleport"/>
  <particle m="1.0" px="0.0" py="0.0" vx="0.0" vy="0.07" fixed="0" radius="0.02" tag="teleport"/>
  <particle m="1.0" px="0.0" py="0.0" vx="0.0" vy="0.08" fixed="0" radius="0.02" tag="teleport"/>
  <particle m="1.0" px="0.0" py="0.0" vx="0.0" vy="0.09" fixed="0" radius="0.02" tag="teleport"/>
  <particle m="1.0" px="0.0" py="0.0" vx="0.0" vy="0.02" fixed="0" radius="0.02" tag="teleport"/>
  <particle m="1.0" px="0.0" py="0.0" vx="0.0" vy="0.03" fixed="0" radius="0.02" tag="teleport"/>
  <particle m="1.0" px="0.0" py="0.0" vx="0.0" vy="0.04" fixed="0" radius="0.02" tag="teleport"/>
  <particle m="1.0" px="0.0" py="0.0" vx="0.0" vy="0.05" fixed="0" radius="0.02" tag="teleport"/>
  <particle m="1.0" px="0.0" py="0.0" vx="0.0" vy="0.06" fixed="0" radius="0.02" tag="teleport"/>
  <particle m="1.0" px="0.0" py="0.0" vx="0.0" vy="0.07" fixed="0" radius="0.02" tag="teleport"/>
  <particle m="1.0" px="0.0" py="0.0" vx="0.0" vy="0.08" fixed="0" radius="0.02" tag="teleport"/>
  <particle m="1.0" px="0.0" py="0.0" vx="0.0" vy="0.09" fixed="0" radius="0.02" tag="teleport"/>
  <particle m="1.0" px="0.0" py="0.0" vx="0.0" vy="0.02" fixed="0" radius="0.02" tag="teleport"/>
  <particle m="1.0" px="0.0" py="0.0" vx="0.0" vy="0.03" fixed="0" radius="0.02" tag="teleport"/>
  <particle m="1.0" px="0.0" py="0.0" vx="0.0" vy="0.04" fixed="0" radius="0.02" tag="teleport"/>
  <particle m="1.0" px="0.0" py="0.0" vx="0.0" vy="0.05" fixed="0" radius="0.02" tag="teleport"/>
  <particle m="1.0" px="0.0" py="0.0" vx="0.0" vy="0.06" fixed="0" radius="0.02" tag="teleport"/>
  <particle m="1.0" px="0.0" py="0.0" vx="0.0" vy="0.07" fixed="0" radius="0.02" tag="teleport"/>
  <particle m="1.0" px="0.0" py="0.0" vx="0.0" vy="0.08" fixed="0" radius="0.02" tag="teleport"/>
  <particle m="1.0" px="0.0" py="0.0" vx="0.0" vy="0.09" fixed="0" radius="0.02" tag="teleport"/>
  <particle m="1.0" px="0.0" py="0.0" vx="0.0" vy="0.02" fixed="0" radius="0.02" tag="teleport"/>
  <particle m="1.0" px="0.0" py="0.0" vx="0.0" vy="0.03" fixed="0" radius="0.02" tag="teleport"/>
  <particle m="1.0" px="0.0" py="0.0" vx="0.0" vy="0.04" fixed="0" radius="0.02" tag="teleport"/>
  <particle m="1.0" px="0.0" py="0.0" vx="0.0" vy="0.05" fixed="0" radius="0.02" tag="teleport"/>
  <particle m="1.0" px="0.0" py="0.0" vx="0.0" vy="0.06" fixed="0" radius="0.02" tag="teleport"/>
  <particle m="1.0" px="0.0" py="0.0" vx="0.0" vy="0.07" fixed="0" radius="0.02" tag="teleport"/>
  <particle m="1.0" px="0.0" py="0.0" vx="0.0" vy="0.08" fixed="0" radius="0.02" tag="teleport"/>
  <particle m="1.0" px="0.0" py="0.0" vx="0.0" vy="0.09" fixed="0" radius="0.02" tag="teleport"/>
  <particle m="1.0" px="0.0" py="0.0" vx="0.0" vy="0.02" fixed="0" radius="0.02" tag="teleport"/>
  <particle m="1.0" px="0.0" py="0.0" vx="0.0" vy="0.03" fixed="0" radius="0.02" tag="teleport"/>
  <particle m="1.0" px="0.0" py="0.0" vx="0.0" vy="0.04" fixed="0" radius="0.02" tag="teleport"/>
  <particle m="1.0" px="0.0" py="0.0" vx="0.0" vy="0.05" fixed="0" radius="0.02" tag="teleport"/>
  <particle m="1.0" px="0.0" py="0.0" vx="0.0" vy="0.06" fixed="0" radius="0.02" tag="teleport"/>
  <particle m="1.0" px="0.0" py="0.0" vx="0.0" vy="0.07" fixed="0" radius="0.02" tag="teleport"/>
  <particle m="1.0" px="0.0" py="0.0" vx="0.0" vy="0.08" fixed="0" radius="0.02" tag="teleport"/>
  <particle m="1.0" px="0.0" py="0.0" vx="0.0" vy="0.09" fixed="0" radius="0.02" tag="teleport"/>
  <particle m="1.0" px="0.0" py="0.0" vx="0.0" vy="0.02" fixed="0" radius="0.02" tag="teleport"/>
  <particle m="1.0" px="0.0" py="0.0" vx="0.0" vy="0.03" fixed="0" radius="0.02" tag="teleport"/>
  <particle m="1.0" px="0.0" py="0.0" vx="0.0" vy="0.04" fixed="0" radius="0.02" tag="teleport"/>
  <particle m="1.0" px="0.0" py="0.0" vx="0.0" vy="0.05" fixed="0" radius="0.02" tag="teleport"/>
  <particle m="1.0" px="0.0" py="0.0" vx="0.0" vy="0.06" fixed="0" radius="0.02" tag="teleport"/>
  <particle m="1.0" px="0.0" py="0.0" vx="0.0" vy="0.07" fixed="0" radius="0.02" tag="teleport"/>
  <particle m="1.0" px="0.0" py="0.0" vx="0.0" vy="0.08" fixed="0" radius="0.02" tag="teleport"/>
  <particle m="1.0" px="0.0" py="0.0" vx="0.0" vy="0.09" fixed="0" radius="0.02" tag="teleport"/>
  <particle m="1.0" px="0.0" py="0.0" vx="0.0" vy="0.02" fixed="0" radius="0.02" tag="teleport"/>
  <particle m="1.0" px="0.0" py="0.0" vx="0.0" vy="0.03" fixed="0" radius="0.02" tag="teleport"/>
  <particle m="1.0" px="0.0" py="0.0" vx="0.0" vy="0.04" fixed="0" radius="0.02" tag="teleport"/>
  <particle m="1.0" px="0.0" py="0.0" vx="0.0" vy="0.05" fixed="0" radius="0.02" tag="teleport"/>
  <particle m="1.0" px="0.0" py="0.0" vx="0.0" vy="0.06" fixed="0" radius="0.02" tag="teleport"/>
  <particle m="1.0" px="0.0" py="0.0" vx="0.0" vy="0.07" fixed="0" radius="0.02" tag="teleport"/>
  <particle m="1.0" px="0.0" py="0.0" vx="0.0" vy="0.08" fixed="0" radius="0.02" tag="teleport"/>
  <particle m="1.0" px="0.0" py="0.0" vx="0.0" vy="0.09" fixed="0" radius="0.02" tag="teleport"/>
  <particle m="1.0" px="0.0" py="0.0" vx="0.0" vy="0.02" fixed="0" radius="0.02" tag="teleport"/>
  <particle m="1.0" px="0.0" py="0.0" vx="0.0" vy="0.03" fixed="0" radius="0.02" tag="teleport"/>
  <particle m="1.0" px="0.0" py="0.0" vx="0.0" vy="0.04" fixed="0" radius="0.02" tag="teleport"/>
  <particle m="1.0" px="0.0" py="0.0" vx="0.0" vy="0.05" fixed="0" radius="0.02" tag="teleport"/>
  <particle m="1.0" px="0.0" py="0.0" vx="0.0" vy="0.06" fixed="0" radius="0.02" tag="teleport"/>
  <particle m="1.0" px="0.0" py="0.0" vx="0.0" vy="0.07" fixed="0" radius="0.02" tag="teleport"/>
  <particle m="1.0" px="0.0" py="0.0" vx="0.0" vy="0.08" fixed="0" radius="0.02" tag="teleport"/>
  <particle m="1.0" px="0.0" py="0.0" vx="0.0" vy="0.09" fixed="0" radius="0.02" tag="teleport"/>
  <particle m="1.0" px="0.0" py="0.0" vx="0.0" vy="0.02" fixed="0" radius="0.02" tag="teleport"/>
  <particle m="1.0" px="0.0" py="0.0" vx="0.0" vy="0.03" fixed="0" radius="0.02" tag="teleport"/>
  <particle m="1.0" px="0.0" py="0.0" vx="0.0" vy="0.04" fixed="0" radius="0.02" tag="teleport"/>
  <particle m="1.0" px="0.0" py="0.0" vx="0.0" vy="0.05" fixed="0" radius="0.02" tag="teleport"/>
  <particle m="1.0" px="0.0" py="0.0" vx="0.0" vy="0.06" fixed="0" radius="0.02" tag="teleport"/>
  <particle m="1.0" px="0.0" py="0.0" vx="0.0" vy="0.07" fixed="0" radius="0.02" tag="teleport"/>
  <particle m="1.0" px="0.0" py="0.0" vx="0.0" vy="0.08" fixed="0" radius="0.02" tag="teleport"/>
  <particle m="1.0" px="0.0" py="0.0" vx="0.0" vy="0.09" fixed="0" radius="0.02" tag="teleport"/>
  <particle m="1.0" px="0.0" py="0.0" vx="0.0" vy="0.02" fixed="0" radius="0.02" tag="teleport"/>
  <particle m="1.0" px="0.0" py="0.0" vx="0.0" vy="0.03" fixed="0" radius="0.02" tag="teleport"/>
  <particle m="1.0" px="0.0" py="0.0" vx="0.0" vy="0.04" fixed="0" radius="0.02" tag="teleport"/>
  <particle m="1.0" px="0.0" py="0.0" vx="0.0" vy="0.05" fixed="0" radius="0.02" tag="teleport"/>
  <particle m="1.0" px="0.0" py="0.0" vx="0.0" vy="0.06" fixed="0" radius="0.02" tag="teleport"/>
  <particle m="1.0" px="0.0" py="0.0" vx="0.0" vy="0.07" fixed="0" radius="0.02" tag="teleport"/>
  <particle m="1.0" px="0.0" py="0.0" vx="0.0" vy="0.08" fixed="0" radius="0.02" tag="teleport"/>
  <particle m="1.0" px="0.0" py="0.0" vx="0.0" vy="0.09" fixed="0" radius="0.02" tag="teleport"/>
  <particle m="1.0" px="0.0" py="0.0" vx="0.0" vy="0.02" fixed="0" radius="0.02" tag="teleport"/>
  <particle m="1.0" px="0.0" py="0.0" vx="0.0" vy="0.03" fixed="0" radius="0.02" tag="teleport"/>
  <particle m="1.0" px="0.0" py="0.0" vx="0.0" vy="0.04" fixed="0" radius="0.02" tag="teleport"/>
  <particle m="1.0" px="0.0" py="0.0" vx="0.0" vy="0.05" fixed="0" radius="0.02" tag="teleport"/>
  <particle m="1.0" px="0.0" py="0.0" vx="0.0" vy="0.06" fixed="0" radius="0.02" tag="teleport"/>
  <particle m="1.0" px="0.0" py="0.0" vx="0.0" vy="0.07" fixed="0" radius="0.02" tag="teleport"/>
  <particle m="1.0" px="0.0" py="0.0" vx="0.0" vy="0.08" fixed="0" radius="0.02" tag="teleport"/>
  <particle m="1.0" px="0.0" py="0.0" vx="0.0" vy="0.09" fixed="0" radius="0.02" tag="teleport"/>
  <particle m="1.0" px="0.0" py="0.0" vx="0.0" vy="0.02" fixed="0" radius="0.02" tag="teleport"/>
  <particle m="1.0" px="0.0" py="0.0" vx="0.0" vy="0.03" fixed="0" radius="0.02" tag="teleport"/>
  <particle m="1.0" px="0.0" py="0.0" vx="0.0" vy="0.04" fixed="0" radius="0.02" tag="teleport"/>
  <particle m="1.0" px="0.0" py="0.0" vx="0.0" vy="0.05" fixed="0" radius="0.02" tag="teleport"/>
  <particle m="1.0" px="0.0" py="0.0" vx="0.0" vy="0.06" fixed="0" radius="0.02" tag="teleport"/>
  <particle m="1.0" px="0.0" py="0.0" vx="0.0" vy="0.07" fixed="0" radius="0.02" tag="teleport"/>
  <particle m="1.0" px="0.0" py="0.0" vx="0.0" vy="0.08" fixed="0" radius="0.02" tag="teleport"/>
  <particle m="1.0" px="0.0" py="0.0" vx="0.0" vy="0.09" fixed="0" radius="0.02" tag="teleport"/>
  <particle m="1.0" px="0.0" py="0.0" vx="0.0" vy="0.02" fixed="0" radius="0.02" tag="teleport"/>
  <particle m="1.0" px="0.0" py="0.0" vx="0.0" vy="0.03" fixed="0" radius="0.02" tag="teleport"/>
  <particle m="1.0" px="0.0" py="0.0" vx="0.0" vy="0.04" fixed="0" radius="0.02" tag="teleport"/>
  <particle m="1.0" px="0.0" py="0.0" vx="0.0" vy="0.05" fixed="0" radius="0.02" tag="teleport"/>
  <particle m="1.0" px="0.0" py="0.0" vx="0.0" vy="0.06" fixed="0" radius="0.02" tag="teleport"/>
  <particle m="1.0" px="0.0" py="0.0" vx="0.0" vy="0.07" fixed="0" radius="0.02" tag="teleport"/>
  <particle m="1.0" px="0.0" py="0.0" vx="0.0" vy="0.08" fixed="0" radius="0.02" tag="teleport"/>
  <particle m="1.0" px="0.0" py="0.0" vx="0.0" vy="0.09" fixed="0" radius="0.02" tag="teleport"/>
  <particle m="1.0" px="0.0" py="0.0" vx="0.0" vy="0.02" fixed="0" radius="0.02" tag="teleport"/>
  <particle m="1.0" px="0.0" py="0.0" vx="0.0" vy="0.03" fixed="0" radius="0.02" tag="teleport"/>
  <particle m="1.0" px="0.0" py="0.0" vx="0.0" vy="0.04" fixed="0" radius="0.02" tag="teleport"/>
  <particle m="1.0" px="0.0" py="0.0" vx="0.0" vy="0.05" fixed="0" radius="0.02" tag="teleport"/>
  <particle m="1.0" px="0.0" py="0.0" vx="0.0" vy="0.06" fixed="0" radius="0.02" tag="teleport"/>
  <particle m="1.0" px="0.0" py="0.0" vx="0.0" vy="0.07" fixed="0" radius="0.02" tag="teleport"/>
  <particle m="1.0" px="0.0" py="0.0" vx="0.0" vy="0.08" fixed="0" radius="0.02" tag="teleport"/>
  <particle m="1.0" px="0.0" py="0.0" vx="0.0" vy="0.09" fixed="0" radius="0.02" tag="teleport"/>
  <particle m="1.0" px="0.0" py="0.0" vx="0.0" vy="0.02" fixed="0" radius="0.02" tag="teleport"/>
  <particle m="1.0" px="0.0" py="0.0" vx="0.0" vy="0.03" fixed="0" radius="0.02" tag="teleport"/>
  <particle m="1.0" px="0.0" py="0.0" vx="0.0" vy="0.04" fixed="0" radius="0.02" tag="teleport"/>
  <particle m="1.0" px="0.0" py="0.0" vx="0.0" vy="0.05" fixed="0" radius="0.02" tag="teleport"/>
  <particle m="1.0" px="0.0" py="0.0" vx="0.0" vy="0.06" fixed="0" radius="0.02" tag="teleport"/>
  <particle m="1.0" px="0.0" py="0.0" vx="0.0" vy="0.07" fixed="0" radius="0.02" tag="teleport"/>
  <particle m="1.0" px="0.0" py="0.0" vx="0.0" vy="0.08" fixed="0" radius="0.02" tag="teleport"/>
  <particle m="1.0" px="0.0" py="0.0" vx="0.0" vy="0.09" fixed="0" radius="0.02" tag="teleport"/>
  <particle m="1.0" px="0.0" py="0.0" vx="0.0" vy="0.02" fixed="0" radius="0.02" tag="teleport"/>
  <particle m="1.0" px="0.0" py="0.0" vx="0.0" vy="0.03" fixed="0" radius="0.02" tag="teleport"/>
  <particle m="1.0" px="0.0" py="0.0" vx="0.0" vy="0.04" fixed="0" radius="0.02" tag="teleport"/>
  <particle m="1.0" px="0.0" py="0.0" vx="0.0" vy="0.05" fixed="0" radius="0.02" tag="teleport"/>
  <particle m="1.0" px="0.0" py="0.0" vx="0.0" vy="0.06" fixed="0" radius="0.02" tag="teleport"/>
  <particle m="1.0" px="0.0" py="0.0" vx="0.0" vy="0.07" fixed="0" radius="0.02" tag="teleport"/>
  <particle m="1.0" px="0.0" py="0.0" vx="0.0" vy="0.08" fixed="0" radius="0.02" tag="teleport"/>
  <particle m="1.0" px="0.0" py="0.0" vx="0.0" vy="0.09" fixed="0" radius="0.02" tag="teleport"/>
  <particle m="1.0" px="0.0" py="0.0" vx="0.0" vy="0.02" fixed="0" radius="0.02" tag="teleport"/>
  <particle m="1.0" px="0.0" py="0.0" vx="0.0" vy="0.03" fixed="0" radius="0.02" tag="teleport"/>
  <particle m="1.0" px="0.0" py="0.0" vx="0.0" vy="0.04" fixed="0" radius="0.02" tag="teleport"/>
  <particle m="1.0" px="0.0" py="0.0" vx="0.0" vy="0.05" fixed="0" radius="0.02" tag="teleport"/>
  <particle m="1.0" px="0.0" py="0.0" vx="0.0" vy="0.06" fixed="0" radius="0.02" tag="teleport"/>
  <particle m="1.0" px="0.0" py="0.0" vx="0.0" vy="0.07" fixed="0" radius="0.02" tag="teleport"/>
  <particle m="1.0" px="0.0" py="0.0" vx="0.0" vy="0.08" fixed="0" radius="0.02" tag="teleport"/>
  <particle m="1.0" px="0.0" py="0.0" vx="0.0" vy="0.09" fixed="0" radius="0.02" tag="teleport"/>
  <particle m="1.0" px="0.0" py="0.0" vx="0.0" vy="0.02" fixed="0" radius="0.02" tag="teleport"/>
  <particle m="1.0" px="0.0" py="0.0" vx="0.0" vy="0.03" fixed="0" radius="0.02" tag="teleport"/>
  <particle m="1.0" px="0.0" py="0.0" vx="0.0" vy="0.04" fixed="0" radius="0.02" tag="teleport"/>
  <particle m="1.0" px="0.0" py="0.0" vx="0.0" vy="0.05" fixed="0" radius="0.02" tag="teleport"/>
  <particle m="1.0" px="0.0" py="0.0" vx="0.0" vy="0.06" fixed="0" radius="0.02" tag="teleport"/>
  <particle m="1.0" px="0.0" py="0.0" vx="0.0" vy="0.07" fixed="0" radius="0.02" tag="teleport"/>
  <particle m="1.0" px="0.0" py="0.0" vx="0.0" vy="0.08" fixed="0" radius="0.02" tag="teleport"/>
  <particle m="1.0" px="0.0" py="0.0" vx="0.0" vy="0.09" fixed="0" radius="0.02" tag="teleport"/>
  <particle m="1.0" px="0.0" py="0.0" vx="0.0" vy="0.02" fixed="0" radius="0.02" tag="teleport"/>
  <particle m="1.0" px="0.0" py="0.0" vx="0.0" vy="0.03" fixed="0" radius="0.02" tag="teleport"/>
  <particle m="1.0" px="0.0" py="0.0" vx="0.0" vy="0.04" fixed="0" radius="0.02" tag="teleport"/>
  <particle m="1.0" px="0.0" py="0.0" vx="0.0" vy="0.05" fixed="0" radius="0.02" tag="teleport"/>
  <particle m="1.0" px="0.0" py="0.0" vx="0.0" vy="0.06" fixed="0" radius="0.02" tag="teleport"/>
  <particle m="1.0" px="0.0" py="0.0" vx="0.0" vy="0.07" fixed="0" radius="0.02" tag="teleport"/>
  <particle m="1.0" px="0.0" py="0.0" vx="0.0" vy="0.08" fixed="0" radius="0.02" tag="teleport"/>
  <particle m="1.0" px="0.0" py="0.0" vx="0.0" vy="0.09" fixed="0" radius="0.02" tag="teleport"/>
  <particle m="1.0" px="0.0" py="0.0" vx="0.0" vy="0.02" fixed="0" radius="0.02" tag="teleport"/>
  <particle m="1.0" px="0.0" py="0.0" vx="0.0" vy="0.03" fixed="0" radius="0.02" tag="teleport"/>
  <particle m="1.0" px="0.0" py="0.0" vx="0.0" vy="0.04" fixed="0" radius="0.02" tag="teleport"/>
  <particle m="1.0" px="0.0" py="0.0" vx="0.0" vy="0.05" fixed="0" radius="0.02" tag="teleport"/>
  <particle m="1.0" px="0.0" py="0.0" vx="0.0" vy="0.06" fixed="0" radius="0.02" tag="teleport"/>
  <particle m="1.0" px="0.0" py="0.0" vx="0.0" vy="0.07" fixed="0" radius="0.02" tag="teleport"/>
  <particle m="1.0" px="0.0" py="0.0" vx="0.0" vy="0.08" fixed="0" radius="0.02" tag="teleport"/>
  <particle m="1.0" px="0.0" py="0.0" vx="0.0" vy="0.09" fixed="0" radius="0.02" tag="teleport"/>
  <particle m="1.0" px="0.0" py="0.0" vx="0.0" vy="0.02" fixed="0" radius="0.02" tag="teleport"/>
  <particle m="1.0" px="0.0" py="0.0" vx="0.0" vy="0.03" fixed="0" radius="0.02" tag="teleport"/>
  <particle m="1.0" px="0.0" py="0.0" vx="0.0" vy="0.04" fixed="0" radius="0.02" tag="teleport"/>
  <particle m="1.0" px="0.0" py="0.0" vx="0.0" vy="0.05" fixed="0" radius="0.02" tag="teleport"/>
  <particle m="1.0" px="0.0" py="0.0" vx="0.0" vy="0.06" fixed="0" radius="0.02" tag="teleport"/>
  <particle m="1.0" px="0.0" py="0.0" vx="0.0" vy="0.07" fixed="0" radius="0.02" tag="teleport"/>
  <particle m="1.0" px="0.0" py="0.0" vx="0.0" vy="0.08" fixed="0" radius="0.02" tag="teleport"/>
  <particle m="1.0" px="0.0" py="0.0" vx="0.0" vy="0.09" fixed="0" radius="0.02" tag="teleport"/>
  <particle m="1.0" px="0.0" py="0.0" vx="0.0" vy="0.02" fixed="0" radius="0.02" tag="teleport"/>
  <particle m="1.0" px="0.0" py="0.0" vx="0.0" vy="0.03" fixed="0" radius="0.02" tag="teleport"/>
  <particle m="1.0" px="0.0" py="0.0" vx="0.0" vy="0.04" fixed="0" radius="0.02" tag="teleport"/>
  <particle m="1.0" px="0.0" py="0.0" vx="0.0" vy="0.05" fixed="0" radius="0.02" tag="teleport"/>
  <particle m="1.0" px="0.0" py="0.0" vx="0.0" vy="0.06" fixed="0" radius="0.02" tag="teleport"/>
  <particle m="1.0" px="0.0" py="0.0" vx="0.0" vy="0.07" fixed="0" radius="0.02" tag="teleport"/>
  <particle m="1.0" px="0.0" py="0.0" vx="0.0" vy="0.08" fixed="0" radius="0.02" tag="teleport"/>
  <particle m="1.0" px="0.0" py="0.0" vx="0.0" vy="0.09" fixed="0" radius="0.02" tag="teleport"/>
  <particle m="1.0" px="0.0" py="0.0" vx="0.0" vy="0.02" fixed="0" radius="0.02" tag="teleport"/>
  <particle m="1.0" px="0.0" py="0.0" vx="0.0" vy="0.03" fixed="0" radius="0.02" tag="teleport"/>
  <particle m="1.0" px="0.0" py="0.0" vx="0.0" vy="0.04" fixed="0" radius="0.02" tag="teleport"/>
  <particle m="1.0" px="0.0" py="0.0" vx="0.0" vy="0.05" fixed="0" radius="0.02" tag="teleport"/>
  <particle m="1.0" px="0.0" py="0.0" vx="0.0" vy="0.06" fixed="0" radius="0.02" tag="teleport"/>
  <particle m="1.0" px="0.0" py="0.0" vx="0.0" vy="0.07" fixed="0" radius="0.02" tag="teleport"/>
  <particle m="1.0" px="0.0" py="0.0" vx="0.0" vy="0.08" fixed="0" radius="0.02" tag="teleport"/>
  <particle m="1.0" px="0.0" py="0.0" vx="0.0" vy="0.09" fixed="0" radius="0.02" tag="teleport"/>
  <particle m="1.0" px="0.0" py="0.0" vx="0.0" vy="0.02" fixed="0" radius="0.02" tag="teleport"/>
  <particle m="1.0" px="0.0" py="0.0" vx="0.0" vy="0.03" fixed="0" radius="0.02" tag="teleport"/>
  <particle m="1.0" px="0.0" py="0.0" vx="0.0" vy="0.04" fixed="0" radius="0.02" tag="teleport"/>
  <particle m="1.0" px="0.0" py="0.0" vx="0.0" vy="0.05" fixed="0" radius="0.02" tag="teleport"/>
  <particle m="1.0" px="0.0" py="0.0" vx="0.0" vy="0.06" fixed="0" radius="0.02" tag="teleport"/>
  <particle m="1.0" px="0.0" py="0.0" vx="0.0" vy="0.07" fixed="0" radius="0.02" tag="teleport"/>
  <particle m="1.0" px="0.0" py="0.0" vx="0.0" vy="0.08" fixed="0" radius="0.02" tag="teleport"/>
  <particle m="1.0" px="0.0" py="0.0" vx="0.0" vy="0.09" fixed="0" radius="0.02" tag="teleport"/>
  <particle m="1.0" px="0.0" py="0.0" vx="0.0" vy="0.02" fixed="0" radius="0.02" tag="teleport"/>
  <particle m="1.0" px="0.0" py="0.0" vx="0.0" vy="0.03" fixed="0" radius="0.02" tag="teleport"/>
  <particle m="1.0" px="0.0" py="0.0" vx="0.0" vy="0.04" fixed="0" radius="0.02" tag="teleport"/>
  <particle m="1.0" px="0.0" py="0.0" vx="0.0" vy="0.05" fixed="0" radius="0.02" tag="teleport"/>
  <particle m="1.0" px="0.0" py="0.0" vx="0.0" vy="0.06" fixed="0" radius="0.02" tag="teleport"/>
  <particle m="1.0" px="0.0" py="0.0" vx="0.0" vy="0.07" fixed="0" radius="0.02" tag="teleport"/>
  <particle m="1.0" px="0.0" py="0.0" vx="0.0" vy="0.08" fixed="0" radius="0.02" tag="teleport"/>
  <particle m="1.0" px="0.0" py="0.0" vx="0.0" vy="0.09" fixed="0" radius="0.02" tag="teleport"/>
  <particle m="1.0" px="0.0" py="0.0" vx="0.0" vy="0.02" fixed="0" radius="0.02" tag="teleport"/>
  <particle m="1.0" px="0.0" py="0.0" vx="0.0" vy="0.03" fixed="0" radius="0.02" tag="teleport"/>
  <particle m="1.0" px="0.0" py="0.0" vx="0.0" vy="0.04" fixed="0" radius="0.02" tag="teleport"/>
  <particle m="1.0" px="0.0" py="0.0" vx="0.0" vy="0.05" fixed="0" radius="0.02" tag="teleport"/>
  <particle m="1.0" px="0.0" py="0.0" vx="0.0" vy="0.06" fixed="0" radius="0.02" tag="teleport"/>
  <particle m="1.0" px="0.0" py="0.0" vx="0.0" vy="0.07" fixed="0" radius="0.02" tag="teleport"/>
  <particle m="1.0" px="0.0" py="0.0" vx="0.0" vy="0.08" fixed="0" radius="0.02" tag="teleport"/>
  <particle m="1.0" px="0.0" py="0.0" vx="0.0" vy="0.09" fixed="0" radius="0.02" tag="teleport"/>
  <particle m="1.0" px="0.0" py="0.0" vx="0.0" vy="0.02" fixed="0" radius="0.02" tag="teleport"/>
  <particle m="1.0" px="0.0" py="0.0" vx="0.0" vy="0.03" fixed="0" radius="0.02" tag="teleport"/>
  <particle m="1.0" px="0.0" py="0.0" vx="0.0" vy="0.04" fixed="0" radius="0.02" tag="teleport"/>
  <particle m="1.0" px="0.0" py="0.0" vx="0.0" vy="0.05" fixed="0" radius="0.02" tag="teleport"/>
  <particle m="1.0" px="0.0" py="0.0" vx="0.0" vy="0.06" fixed="0" radius="0.02" tag="teleport"/>
  <particle m="1.0" px="0.0" py="0.0" vx="0.0" vy="0.07" fixed="0" radius="0.02" tag="teleport"/>
  <particle m="1.0" px="0.0" py="0.0" vx="0.0" vy="0.08" fixed="0" radius="0.02" tag="teleport"/>
  <particle m="1.0" px="0.0" py="0.0" vx="0.0" vy="0.09" fixed="0" radius="0.02" tag="teleport"/>
  <particle m="1.0" px="0.0" py="0.0" vx="0.0" vy="0.02" fixed="0" radius="0.02" tag="teleport"/>
  <particle m="1.0" px="0.0" py="0.0" vx="0.0" vy="0.03" fixed="0" radius="0.02" tag="teleport"/>
  <particle m="1.0" px="0.0" py="0.0" vx="0.0" vy="0.04" fixed="0" radius="0.02" tag="teleport"/>
  <particle m="1.0" px="0.0" py="0.0" vx="0.0" vy="0.05" fixed="0" radius="0.02" tag="teleport"/>
  <particle m="1.0" px="0.0" py="0.0" vx="0.0" vy="0.06" fixed="0" radius="0.02" tag="teleport"/>
  <particle m="1.0" px="0.0" py="0.0" vx="0.0" vy="0.07" fixed="0" radius="0.02" tag="teleport"/>
  <particle m="1.0" px="0.0" py="0.0" vx="0.0" vy="0.08" fixed="0" radius="0.02" tag="teleport"/>
  <particle m="1.0" px="0.0" py="0.0" vx="0.0" vy="0.09" fixed="0" radius="0.02" tag="teleport"/>
  <particle m="1.0" px="0.0" py="0.0" vx="0.0" vy="0.02" fixed="0" radius="0.02" tag="teleport"/>
  <particle m="1.0" px="0.0" py="0.0" vx="0.0" vy="0.03" fixed="0" radius="0.02" tag="teleport"/>
  <particle m="1.0" px="0.0" py="0.0" vx="0.0" vy="0.04" fixed="0" radius="0.02" tag="teleport"/>
  <particle m="1.0" px="0.0" py="0.0" vx="0.0" vy="0.05" fixed="0" radius="0.02" tag="teleport"/>
  <particle m="1.0" px="0.0" py="0.0" vx="0.0" vy="0.06" fixed="0" radius="0.02" tag="teleport"/>
  <particle m="1.0" px="0.0" py="0.0" vx="0.0" vy="0.07" fixed="0" radius="0.02" tag="teleport"/>
  <particle m="1.0" px="0.0" py="0.0" vx="0.0" vy="0.08" fixed="0" radius="0.02" tag="teleport"/>
  <particle m="1.0" px="0.0" py="0.0" vx="0.0" vy="0.09" fixed="0" radius="0.02" tag="teleport"/>
  <particle m="1.0" px="0.0" py="0.0" vx="0.0" vy="0.02" fixed="0" radius="0.02" tag="teleport"/>
  <particle m="1.0" px="0.0" py="0.0" vx="0.0" vy="0.03" fixed="0" radius="0.02" tag="teleport"/>
  <particle m="1.0" px="0.0" py="0.0" vx="0.0" vy="0.04" fixed="0" radius="0.02" tag="teleport"/>
  <particle m="1.0" px="0.0" py="0.0" vx="0.0" vy="0.05" fixed="0" radius="0.02" tag="teleport"/>
  <particle m="1.0" px="0.0" py="0.0" vx="0.0" vy="0.06" fixed="0" radius="0.02" tag="teleport"/>
  <particle m="1.0" px="0.0" py="0.0" vx="0.0" vy="0.07" fixed="0" radius="0.02" tag="teleport"/>
  <particle m="1.0" px="0.0" py="0.0" vx="0.0" vy="0.08" fixed="0" radius="0.02" tag="teleport"/>
  <particle m="1.0" px="0.0" py="0.0" vx="0.0" vy="0.09" fixed="0" radius="0.02" tag="teleport"/>
  <particle m="1.0" px="0.0" py="0.0" vx="0.0" vy="0.02" fixed="0" radius="0.02" tag="teleport"/>
  <particle m="1.0" px="0.0" py="0.0" vx="0.0" vy="0.03" fixed="0" radius="0.02" tag="teleport"/>
  <particle m="1.0" px="0.0" py="0.0" vx="0.0" vy="0.04" fixed="0" radius="0.02" tag="teleport"/>
  <particle m="1.0" px="0.0" py="0.0" vx="0.0" vy="0.05" fixed="0" radius="0.02" tag="teleport"/>
  <particle m="1.0" px="0.0" py="0.0" vx="0.0" vy="0.06" fixed="0" radius="0.02" tag="teleport"/>
  <particle m="1.0" px="0.0" py="0.0" vx="0.0" vy="0.07" fixed="0" radius="0.02" tag="teleport"/>
  <particle m="1.0" px="0.0" py="0.0" vx="0.0" vy="0.08" fixed="0" radius="0.02" tag="teleport"/>
  <particle m="1.0" px="0.0" py="0.0" vx="0.0" vy="0.09" fixed="0" radius="0.02" tag="teleport"/>
  <particle m="1.0" px="0.0" py="0.0" vx="0.0" vy="0.02" fixed="0" radius="0.02" tag="teleport"/>
  <particle m="1.0" px="0.0" py="0.0" vx="0.0" vy="0.03" fixed="0" radius="0.02" tag="teleport"/>
  <particle m="1.0" px="0.0" py="0.0" vx="0.0" vy="0.04" fixed="0" radius="0.02" tag="teleport"/>
  <particle m="1.0" px="0.0" py="0.0" vx="0.0" vy="0.05" fixed="0" radius="0.02" tag="teleport"/>
  <particle m="1.0" px="0.0" py="0.0" vx="0.0" vy="0.06" fixed="0" radius="0.02" tag="teleport"/>
  <particle m="1.0" px="0.0" py="0.0" vx="0.0" vy="0.07" fixed="0" radius="0.02" tag="teleport"/>
  <particle m="1.0" px="0.0" py="0.0" vx="0.0" vy="0.08" fixed="0" radius="0.02" tag="teleport"/>
  <particle m="1.0" px="0.0" py="0.0" vx="0.0" vy="0.09" fixed="0" radius="0.02" tag="teleport"/>
  <particle m="1.0" px="0.0" py="0.0" vx="0.0" vy="0.02" fixed="0" radius="0.02" tag="teleport"/>
  <particle m="1.0" px="0.0" py="0.0" vx="0.0" vy="0.03" fixed="0" radius="0.02" tag="teleport"/>
  <particle m="1.0" px="0.0" py="0.0" vx="0.0" vy="0.04" fixed="0" radius="0.02" tag="teleport"/>
  <particle m="1.0" px="0.0" py="0.0" vx="0.0" vy="0.05" fixed="0" radius="0.02" tag="teleport"/>
  <particle m="1.0" px="0.0" py="0.0" vx="0.0" vy="0.06" fixed="0" radius="0.02" tag="teleport"/>
  <particle m="1.0" px="0.0" py="0.0" vx="0.0" vy="0.07" fixed="0" radius="0.02" tag="teleport"/>
  <particle m="1.0" px="0.0" py="0.0" vx="0.0" vy="0.08" fixed="0" radius="0.02" tag="teleport"/>
  <particle m="1.0" px="0.0" py="0.0" vx="0.0" vy="0.09" fixed="0" radius="0.02" tag="teleport"/>
  <particle m="1.0" px="0.0" py="0.0" vx="0.0" vy="0.02" fixed="0" radius="0.02" tag="teleport"/>
  <particle m="1.0" px="0.0" py="0.0" vx="0.0" vy="0.03" fixed="0" radius="0.02" tag="teleport"/>
  <particle m="1.0" px="0.0" py="0.0" vx="0.0" vy="0.04" fixed="0" radius="0.02" tag="teleport"/>
  <particle m="1.0" px="0.0" py="0.0" vx="0.0" vy="0.05" fixed="0" radius="0.02" tag="teleport"/>
  <particle m="1.0" px="0.0" py="0.0" vx="0.0" vy="0.06" fixed="0" radius="0.02" tag="teleport"/>
  <particle m="1.0" px="0.0" py="0.0" vx="0.0" vy="0.07" fixed="0" radius="0.02" tag="teleport"/>
  <particle m="1.0" px="0.0" py="0.0" vx="0.0" vy="0.08" fixed="0" radius="0.02" tag="teleport"/>
  <particle m="1.0" px="0.0" py="0.0" vx="0.0" vy="0.09" fixed="0" radius="0.02" tag="teleport"/>
  <particle m="1.0" px="0.0" py="0.0" vx="0.0" vy="0.02" fixed="0" radius="0.02" tag="teleport"/>
  <particle m="1.0" px="0.0" py="0.0" vx="0.0" vy="0.03" fixed="0" radius="0.02" tag="teleport"/>
  <particle m="1.0" px="0.0" py="0.0" vx="0.0" vy="0.04" fixed="0" radius="0.02" tag="teleport"/>
  <particle m="1.0" px="0.0" py="0.0" vx="0.0" vy="0.05" fixed="0" radius="0.02" tag="teleport"/>
  <particle m="1.0" px="0.0" py="0.0" vx="0.0" vy="0.06" fixed="0" radius="0.02" tag="teleport"/>
  <particle m="1.0" px="0.0" py="0.0" vx="0.0" vy="0.07" fixed="0" radius="0.02" tag="teleport"/>
  <particle m="1.0" px="0.0" py="0.0" vx="0.0" vy="0.08" fixed="0" radius="0.02" tag="teleport"/>
  <particle m="1.0" px="0.0" py="0.0" vx="0.0" vy="0.09" fixed="0" radius="0.02" tag="teleport"/>
  <particle m="1.0" px="0.0" py="0.0" vx="0.0" vy="0.02" fixed="0" radius="0.02" tag="teleport"/>
  <particle m="1.0" px="0.0" py="0.0" vx="0.0" vy="0.03" fixed="0" radius="0.02" tag="teleport"/>
  <particle m="1.0" px="0.0" py="0.0" vx="0.0" vy="0.04" fixed="0" radius="0.02" tag="teleport"/>
  <particle m="1.0" px="0.0" py="0.0" vx="0.0" vy="0.05" fixed="0" radius="0.02" tag="teleport"/>
  <particle m="1.0" px="0.0" py="0.0" vx="0.0" vy="0.06" fixed="0" radius="0.02" tag="teleport"/>
  <particle m="1.0" px="0.0" py="0.0" vx="0.0" vy="0.07" fixed="0" radius="0.02" tag="teleport"/>
  <particle m="1.0" px="0.0" py="0.0" vx="0.0" vy="0.08" fixed="0" radius="0.02" tag="teleport"/>
  <particle m="1.0" px="0.0" py="0.0" vx="0.0" vy="0.09" fixed="0" radius="0.02" tag="teleport"/>
  <particle m="1.0" px="0.0" py="0.0" vx="0.0" vy="0.02" fixed="0" radius="0.02" tag="teleport"/>
  <particle m="1.0" px="0.0" py="0.0" vx="0.0" vy="0.03" fixed="0" radius="0.02" tag="teleport"/>
  <particle m="1.0" px="0.0" py="0.0" vx="0.0" vy="0.04" fixed="0" radius="0.02" tag="teleport"/>
  <particle m="1.0" px="0.0" py="0.0" vx="0.0" vy="0.05" fixed="0" radius="0.02" tag="teleport"/>
  <particle m="1.0" px="0.0" py="0.0" vx="0.0" vy="0.06" fixed="0" radius="0.02" tag="teleport"/>
  <particle m="1.0" px="0.0" py="0.0" vx="0.0" vy="0.07" fixed="0" radius="0.02" tag="teleport"/>
  <particle m="1.0" px="0.0" py="0.0" vx="0.0" vy="0.08" fixed="0" radius="0.02" tag="teleport"/>
  <particle m="1.0" px="0.0" py="0.0" vx="0.0" vy="0.09" fixed="0" radius="0.02" tag="teleport"/>
  <particle m="1.0" px="0.0" py="0.0" vx="0.0" vy="0.02" fixed="0" radius="0.02" tag="teleport"/>
  <particle m="1.0" px="0.0" py="0.0" vx="0.0" vy="0.03" fixed="0" radius="0.02" tag="teleport"/>
  <particle m="1.0" px="0.0" py="0.0" vx="0.0" vy="0.04" fixed="0" radius="0.02" tag="teleport"/>
  <particle m="1.0" px="0.0" py="0.0" vx="0.0" vy="0.05" fixed="0" radius="0.02" tag="teleport"/>
  <particle m="1.0" px="0.0" py="0.0" vx="0.0" vy="0.06" fixed="0" radius="0.02" tag="teleport"/>
  <particle m="1.0" px="0.0" py="0.0" vx="0.0" vy="0.07" fixed="0" radius="0.02" tag="teleport"/>
  <particle m="1.0" px="0.0" py="0.0" vx="0.0" vy="0.08" fixed="0" radius="0.02" tag="teleport"/>
  <particle m="1.0" px="0.0" py="0.0" vx="0.0" vy="0.09" fixed="0" radius="0.02" tag="teleport"/>
  <particle m="1.0" px="0.0" py="0.0" vx="0.0" vy="0.02" fixed="0" radius="0.02" tag="teleport"/>
  <particle m="1.0" px="0.0" py="0.0" vx="0.0" vy="0.03" fixed="0" radius="0.02" tag="teleport"/>
  <particle m="1.0" px="0.0" py="0.0" vx="0.0" vy="0.04" fixed="0" radius="0.02" tag="teleport"/>
  <particle m="1.0" px="0.0" py="0.0" vx="0.0" vy="0.05" fixed="0" radius="0.02" tag="teleport"/>
  <particle m="1.0" px="0.0" py="0.0" vx="0.0" vy="0.06" fixed="0" radius="0.02" tag="teleport"/>
  <particle m="1.0" px="0.0" py="0.0" vx="0.0" vy="0.07" fixed="0" radius="0.02" tag="teleport"/>
  <particle m="1.0" px="0.0" py="0.0" vx="0.0" vy="0.08" fixed="0" radius="0.02" tag="teleport"/>
  <particle m="1.0" px="0.0" py="0.0" vx="0.0" vy="0.09" fixed="0" radius="0.02" tag="teleport"/>
  <particle m="1.0" px="0.0" py="0.0" vx="0.0" vy="0.02" fixed="0" radius="0.02" tag="teleport"/>
  <particle m="1.0" px="0.0" py="0.0" vx="0.0" vy="0.03" fixed="0" radius="0.02" tag="teleport"/>
  <particle m="1.0" px="0.0" py="0.0" vx="0.0" vy="0.04" fixed="0" radius="0.02" tag="teleport"/>
  <particle m="1.0" px="0.0" py="0.0" vx="0.0" vy="0.05" fixed="0" radius="0.02" tag="teleport"/>
  <particle m="1.0" px="0.0" py="0.0" vx="0.0" vy="0.06" fixed="0" radius="0.02" tag="teleport"/>
  <particle m="1.0" px="0.0" py="0.0" vx="0.0" vy="0.07" fixed="0" radius="0.02" tag="teleport"/>
  <particle m="1.0" px="0.0" py="0.0" vx="0.0" vy="0.08" fixed="0" radius="0.02" tag="teleport"/>
  <particle m="1.0" px="0.0" py="0.0" vx="0.0" vy="0.09" fixed="0" radius="0.02" tag="teleport"/>
  <particle m="1.0" px="0.0" py="0.0" vx="0.0" vy="0.02" fixed="0" radius="0.02" tag="teleport"/>
  <particle m="1.0" px="0.0" py="0.0" vx="0.0" vy="0.03" fixed="0" radius="0.02" tag="teleport"/>
  <particle m="1.0" px="0.0" py="0.0" vx="0.0" vy="0.04" fixed="0" radius="0.02" tag="teleport"/>
  <particle m="1.0" px="0.0" py="0.0" vx="0.0" vy="0.05" fixed="0" radius="0.02" tag="teleport"/>
  <particle m="1.0" px="0.0" py="0.0" vx="0.0" vy="0.06" fixed="0" radius="0.02" tag="teleport"/>
  <particle m="1.0" px="0.0" py="0.0" vx="0.0" vy="0.07" fixed="0" radius="0.02" tag="teleport"/>
  <particle m="1.0" px="0.0" py="0.0" vx="0.0" vy="0.08" fixed="0" radius="0.02" tag="teleport"/>
  <particle m="1.0" px="0.0" py="0.0" vx="0.0" vy="0.09" fixed="0" radius="0.02" tag="teleport"/>
  <particle m="1.0" px="0.0" py="0.0" vx="0.0" vy="0.02" fixed="0" radius="0.02" tag="teleport"/>
  <particle m="1.0" px="0.0" py="0.0" vx="0.0" vy="0.03" fixed="0" radius="0.02" tag="teleport"/>
  <particle m="1.0" px="0.0" py="0.0" vx="0.0" vy="0.04" fixed="0" radius="0.02" tag="teleport"/>
  <particle m="1.0" px="0.0" py="0.0" vx="0.0" vy="0.05" fixed="0" radius="0.02" tag="teleport"/>
  <particle m="1.0" px="0.0" py="0.0" vx="0.0" vy="0.06" fixed="0" radius="0.02" tag="teleport"/>
  <particle m="1.0" px="0.0" py="0.0" vx="0.0" vy="0.07" fixed="0" radius="0.02" tag="teleport"/>
  <particle m="1.0" px="0.0" py="0.0" vx="0.0" vy="0.08" fixed="0" radius="0.02" tag="teleport"/>
  <particle m="1.0" px="0.0" py="0.0" vx="0.0" vy="0.09" fixed="0" radius="0.02" tag="teleport"/>
  <particle m="1.0" px="0.0" py="0.0" vx="0.0" vy="0.02" fixed="0" radius="0.02" tag="teleport"/>
  <particle m="1.0" px="0.0" py="0.0" vx="0.0" vy="0.03" fixed="0" radius="0.02" tag="teleport"/>
  <particle m="1.0" px="0.0" py="0.0" vx="0.0" vy="0.04" fixed="0" radius="0.02" tag="teleport"/>
  <particle m="1.0" px="0.0" py="0.0" vx="0.0" vy="0.05" fixed="0" radius="0.02" tag="teleport"/>
  <particle m="1.0" px="0.0" py="0.0" vx="0.0" vy="0.06" fixed="0" radius="0.02" tag="teleport"/>
  <particle m="1.0" px="0.0" py="0.0" vx="0.0" vy="0.07" fixed="0" radius="0.02" tag="teleport"/>
  <particle m="1.0" px="0.0" py="0.0" vx="0.0" vy="0.08" fixed="0" radius="0.02" tag="teleport"/>
  <particle m="1.0" px="0.0" py="0.0" vx="0.0" vy="0.09" fixed="0" radius="0.02" tag="teleport"/>
  <particle m="1.0" px="0.0" py="0.0" vx="0.0" vy="0.02" fixed="0" radius="0.02" tag="teleport"/>
  <particle m="1.0" px="0.0" py="0.0" vx="0.0" vy="0.03" fixed="0" radius="0.02" tag="teleport"/>
  <particle m="1.0" px="0.0" py="0.0" vx="0.0" vy="0.04" fixed="0" radius="0.02" tag="teleport"/>
  <particle m="1.0" px="0.0" py="0.0" vx="0.0" vy="0.05" fixed="0" radius="0.02" tag="teleport"/>
  <particle m="1.0" px="0.0" py="0.0" vx="0.0" vy="0.06" fixed="0" radius="0.02" tag="teleport"/>
  <particle m="1.0" px="0.0" py="0.0" vx="0.0" vy="0.07" fixed="0" radius="0.02" tag="teleport"/>
  <particle m="1.0" px="0.0" py="0.0" vx="0.0" vy="0.08" fixed="0" radius="0.02" tag="teleport"/>
  <particle m="1.0" px="0.0" py="0.0" vx="0.0" vy="0.09" fixed="0" radius="0.02" tag="teleport"/>
  <particle m="1.0" px="0.0" py="0.0" vx="0.0" vy="0.02" fixed="0" radius="0.02" tag="teleport"/>
  <particle m="1.0" px="0.0" py="0.0" vx="0.0" vy="0.03" fixed="0" radius="0.02" tag="teleport"/>
  <particle m="1.0" px="0.0" py="0.0" vx="0.0" vy="0.04" fixed="0" radius="0.02" tag="teleport"/>
  <particle m="1.0" px="0.0" py="0.0" vx="0.0" vy="0.05" fixed="0" radius="0.02" tag="teleport"/>
  <particle m="1.0" px="0.0" py="0.0" vx="0.0" vy="0.06" fixed="0" radius="0.02" tag="teleport"/>
  <particle m="1.0" px="0.0" py="0.0" vx="0.0" vy="0.07" fixed="0" radius="0.02" tag="teleport"/>
  <particle m="1.0" px="0.0" py="0.0" vx="0.0" vy="0.08" fixed="0" radius="0.02" tag="teleport"/>
  <particle m="1.0" px="0.0" py="0.0" vx="0.0" vy="0.09" fixed="0" radius="0.02" tag="teleport"/>
  <particle m="1.0" px="0.0" py="0.0" vx="0.0" vy="0.02" fixed="0" radius="0.02" tag="teleport"/>
  <particle m="1.0" px="0.0" py="0.0" vx="0.0" vy="0.03" fixed="0" radius="0.02" tag="teleport"/>
  <particle m="1.0" px="0.0" py="0.0" vx="0.0" vy="0.04" fixed="0" radius="0.02" tag="teleport"/>
  <particle m="1.0" px="0.0" py="0.0" vx="0.0" vy="0.05" fixed="0" radius="0.02" tag="teleport"/>
  <particle m="1.0" px="0.0" py="0.0" vx="0.0" vy="0.06" fixed="0" radius="0.02" tag="teleport"/>
  <particle m="1.0" px="0.0" py="0.0" vx="0.0" vy="0.07" fixed="0" radius="0.02" tag="teleport"/>
  <particle m="1.0" px="0.0" py="0.0" vx="0.0" vy="0.08" fixed="0" radius="0.02" tag="teleport"/>
  <particle m="1.0" px="0.0" py="0.0" vx="0.0" vy="0.09" fixed="0" radius="0.02" tag="teleport"/>
  <particle m="1.0" px="0.0" py="0.0" vx="0.0" vy="0.02" fixed="0" radius="0.02" tag="teleport"/>
  <particle m="1.0" px="0.0" py="0.0" vx="0.0" vy="0.03" fixed="0" radius="0.02" tag="teleport"/>
  <particle m="1.0" px="0.0" py="0.0" vx="0.0" vy="0.04" fixed="0" radius="0.02" tag="teleport"/>
  <particle m="1.0" px="0.0" py="0.0" vx="0.0" vy="0.05" fixed="0" radius="0.02" tag="teleport"/>
  <particle m="1.0" px="0.0" py="0.0" vx="0.0" vy="0.06" fixed="0" radius="0.02" tag="teleport"/>
  <particle m="1.0" px="0.0" py="0.0" vx="0.0" vy="0.07" fixed="0" radius="0.02" tag="teleport"/>
  <particle m="1.0" px="0.0" py="0.0" vx="0.0" vy="0.08" fixed="0" radius="0.02" tag="teleport"/>
  <particle m="1.0" px="0.0" py="0.0" vx="0.0" vy="0.09" fixed="0" radius="0.02" tag="teleport"/>
  <particle m="1.0" px="0.0" py="0.0" vx="0.0" vy="0.02" fixed="0" radius="0.02" tag="teleport"/>
  <particle m="1.0" px="0.0" py="0.0" vx="0.0" vy="0.03" fixed="0" radius="0.02" tag="teleport"/>
  <particle m="1.0" px="0.0" py="0.0" vx="0.0" vy="0.04" fixed="0" radius="0.02" tag="teleport"/>
  <particle m="1.0" px="0.0" py="0.0" vx="0.0" vy="0.05" fixed="0" radius="0.02" tag="teleport"/>
  <particle m="1.0" px="0.0" py="0.0" vx="0.0" vy="0.06" fixed="0" radius="0.02" tag="teleport"/>
  <particle m="1.0" px="0.0" py="0.0" vx="0.0" vy="0.07" fixed="0" radius="0.02" tag="teleport"/>
  <particle m="1.0" px="0.0" py="0.0" vx="0.0" vy="0.08" fixed="0" radius="0.02" tag="teleport"/>
  <particle m="1.0" px="0.0" py="0.0" vx="0.0" vy="0.09" fixed="0" radius="0.02" tag="teleport"/>
  <particle m="1.0" px="0.0" py="0.0" vx="0.0" vy="0.02" fixed="0" radius="0.02" tag="teleport"/>
  <particle m="1.0" px="0.0" py="0.0" vx="0.0" vy="0.03" fixed="0" radius="0.02" tag="teleport"/>
  <particle m="1.0" px="0.0" py="0.0" vx="0.0" vy="0.04" fixed="0" radius="0.02" tag="teleport"/>
  <particle m="1.0" px="0.0" py="0.0" vx="0.0" vy="0.05" fixed="0" radius="0.02" tag="teleport"/>
  <particle m="1.0" px="0.0" py="0.0" vx="0.0" vy="0.06" fixed="0" radius="0.02" tag="teleport"/>
  <particle m="1.0" px="0.0" py="0.0" vx="0.0" vy="0.07" fixed="0" radius="0.02" tag="teleport"/>
  <particle m="1.0" px="0.0" py="0.0" vx="0.0" vy="0.08" fixed="0" radius="0.02" tag="teleport"/>
  <particle m="1.0" px="0.0" py="0.0" vx="0.0" vy="0.09" fixed="0" radius="0.02" tag="teleport"/>
  <particle m="1.0" px="0.0" py="0.0" vx="0.0" vy="0.02" fixed="0" radius="0.02" tag="teleport"/>
  <particle m="1.0" px="0.0" py="0.0" vx="0.0" vy="0.03" fixed="0" radius="0.02" tag="teleport"/>
  <particle m="1.0" px="0.0" py="0.0" vx="0.0" vy="0.04" fixed="0" radius="0.02" tag="teleport"/>
  <particle m="1.0" px="0.0" py="0.0" vx="0.0" vy="0.05" fixed="0" radius="0.02" tag="teleport"/>
  <particle m="1.0" px="0.0" py="0.0" vx="0.0" vy="0.06" fixed="0" radius="0.02" tag="teleport"/>
  <particle m="1.0" px="0.0" py="0.0" vx="0.0" vy="0.07" fixed="0" radius="0.02" tag="teleport"/>
  <particle m="1.0" px="0.0" py="0.0" vx="0.0" vy="0.08" fixed="0" radius="0.02" tag="teleport"/>
  <particle m="1.0" px="0.0" py="0.0" vx="0.0" vy="0.09" fixed="0" radius="0.02" tag="teleport"/>
  <particle m="1.0" px="0.0" py="0.0" vx="0.0" vy="0.02" fixed="0" radius="0.02" tag="teleport"/>
  <particle m="1.0" px="0.0" py="0.0" vx="0.0" vy="0.03" fixed="0" radius="0.02" tag="teleport"/>
  <particle m="1.0" px="0.0" py="0.0" vx="0.0" vy="0.04" fixed="0" radius="0.02" tag="teleport"/>
  <particle m="1.0" px="0.0" py="0.0" vx="0.0" vy="0.05" fixed="0" radius="0.02" tag="teleport"/>
  <particle m="1.0" px="0.0" py="0.0" vx="0.0" vy="0.06" fixed="0" radius="0.02" tag="teleport"/>
  <particle m="1.0" px="0.0" py="0.0" vx="0.0" vy="0.07" fixed="0" radius="0.02" tag="teleport"/>
  <particle m="1.0" px="0.0" py="0.0" vx="0.0" vy="0.08" fixed="0" radius="0.02" tag="teleport"/>
  <particle m="1.0" px="0.0" py="0.0" vx="0.0" vy="0.09" fixed="0" radius="0.02" tag="teleport"/>
  <particle m="1.0" px="0.0" py="0.0" vx="0.0" vy="0.02" fixed="0" radius="0.02" tag="teleport"/>
  <particle m="1.0" px="0.0" py="0.0" vx="0.0" vy="0.03" fixed="0" radius="0.02" tag="teleport"/>
  <particle m="1.0" px="0.0" py="0.0" vx="0.0" vy="0.04" fixed="0" radius="0.02" tag="teleport"/>
  <particle m="1.0" px="0.0" py="0.0" vx="0.0" vy="0.05" fixed="0" radius="0.02" tag="teleport"/>
  <particle m="1.0" px="0.0" py="0.0" vx="0.0" vy="0.06" fixed="0" radius="0.02" tag="teleport"/>
  <particle m="1.0" px="0.0" py="0.0" vx="0.0" vy="0.07" fixed="0" radius="0.02" tag="teleport"/>
  <particle m="1.0" px="0.0" py="0.0" vx="0.0" vy="0.08" fixed="0" radius="0.02" tag="teleport"/>
  <particle m="1.0" px="0.0" py="0.0" vx="0.0" vy="0.09" fixed="0" radius="0.02" tag="teleport"/>
  <particle m="1.0" px="0.0" py="0.0" vx="0.0" vy="0.02" fixed="0" radius="0.02" tag="teleport"/>
  <particle m="1.0" px="0.0" py="0.0" vx="0.0" vy="0.03" fixed="0" radius="0.02" tag="teleport"/>
  <particle m="1.0" px="0.0" py="0.0" vx="0.0" vy="0.04" fixed="0" radius="0.02" tag="teleport"/>
  <particle m="1.0" px="0.0" py="0.0" vx="0.0" vy="0.05" fixed="0" radius="0.02" tag="teleport"/>
  <particle m="1.0" px="0.0" py="0.0" vx="0.0" vy="0.06" fixed="0" radius="0.02" tag="teleport"/>
  <particle m="1.0" px="0.0" py="0.0" vx="0.0" vy="0.07" fixed="0" radius="0.02" tag="teleport"/>
  <particle m="1.0" px="0.0" py="0.0" vx="0.0" vy="0.08" fixed="0" radius="0.02" tag="teleport"/>
  <particle m="1.0" px="0.0" py="0.0" vx="0.0" vy="0.09" fixed="0" radius="0.02" tag="teleport"/>
  <particle m="1.0" px="0.0" py="0.0" vx="0.0" vy="0.02" fixed="0" radius="0.02" tag="teleport"/>
  <particle m="1.0" px="0.0" py="0.0" vx="0.0" vy="0.03" fixed="0" radius="0.02" tag="teleport"/>
  <particle m="1.0" px="0.0" py="0.0" vx="0.0" vy="0.04" fixed="0" radius="0.02" tag="teleport"/>
  <particle m="1.0" px="0.0" py="0.0" vx="0.0" vy="0.05" fixed="0" radius="0.02" tag="teleport"/>
  <particle m="1.0" px="0.0" py="0.0" vx="0.0" vy="0.06" fixed="0" radius="0.02" tag="teleport"/>
  <particle m="1.0" px="0.0" py="0.0" vx="0.0" vy="0.07" fixed="0" radius="0.02" tag="teleport"/>
  <particle m="1.0" px="0.0" py="0.0" vx="0.0" vy="0.08" fixed="0" radius="0.02" tag="teleport"/>
  <particle m="1.0" px="0.0" py="0.0" vx="0.0" vy="0.09" fixed="0" radius="0.02" tag="teleport"/>
  <particle m="1.0" px="0.0" py="0.0" vx="0.0" vy="0.02" fixed="0" radius="0.02" tag="teleport"/>
  <particle m="1.0" px="0.0" py="0.0" vx="0.0" vy="0.03" fixed="0" radius="0.02" tag="teleport"/>
  <particle m="1.0" px="0.0" py="0.0" vx="0.0" vy="0.04" fixed="0" radius="0.02" tag="teleport"/>
  <particle m="1.0" px="0.0" py="0.0" vx="0.0" vy="0.05" fixed="0" radius="0.02" tag="teleport"/>
  <particle m="1.0" px="0.0" py="0.0" vx="0.0" vy="0.06" fixed="0" radius="0.02" tag="teleport"/>
  <particle m="1.0" px="0.0" py="0.0" vx="0.0" vy="0.07" fixed="0" radius="0.02" tag="teleport"/>
  <particle m="1.0" px="0.0" py="0.0" vx="0.0" vy="0.08" fixed="0" radius="0.02" tag="teleport"/>
  <particle m="1.0" px="0.0" py="0.0" vx="0.0" vy="0.09" fixed="0" radius="0.02" tag="teleport"/>
  <particle m="1.0" px="0.0" py="0.0" vx="0.0" vy="0.02" fixed="0" radius="0.02" tag="teleport"/>
  <particle m="1.0" px="0.0" py="0.0" vx="0.0" vy="0.03" fixed="0" radius="0.02" tag="teleport"/>
  <particle m="1.0" px="0.0" py="0.0" vx="0.0" vy="0.04" fixed="0" radius="0.02" tag="teleport"/>
  <particle m="1.0" px="0.0" py="0.0" vx="0.0" vy="0.05" fixed="0" radius="0.02" tag="teleport"/>
  <particle m="1.0" px="0.0" py="0.0" vx="0.0" vy="0.06" fixed="0" radius="0.02" tag="teleport"/>
  <particle m="1.0" px="0.0" py="0.0" vx="0.0" vy="0.07" fixed="0" radius="0.02" tag="teleport"/>
  <particle m="1.0" px="0.0" py="0.0" vx="0.0" vy="0.08" fixed="0" radius="0.02" tag="teleport"/>
  <particle m="1.0" px="0.0" py="0.0" vx="0.0" vy="0.09" fixed="0" radius="0.02" tag="teleport"/>
  <particle m="1.0" px="0.0" py="0.0" vx="0.0" vy="0.02" fixed="0" radius="0.02" tag="teleport"/>
  <particle m="1.0" px="0.0" py="0.0" vx="0.0" vy="0.03" fixed="0" radius="0.02" tag="teleport"/>
  <particle m="1.0" px="0.0" py="0.0" vx="0.0" vy="0.04" fixed="0" radius="0.02" tag="teleport"/>
  <particle m="1.0" px="0.0" py="0.0" vx="0.0" vy="0.05" fixed="0" radius="0.02" tag="teleport"/>
  <particle m="1.0" px="0.0" py="0.0" vx="0.0" vy="0.06" fixed="0" radius="0.02" tag="teleport"/>
  <particle m="1.0" px="0.0" py="0.0" vx="0.0" vy="0.07" fixed="0" radius="0.02" tag="teleport"/>
  <particle m="1.0" px="0.0" py="0.0" vx="0.0" vy="0.08" fixed="0" radius="0.02" tag="teleport"/>
  <particle m="1.0" px="0.0" py="0.0" vx="0.0" vy="0.09" fixed="0" radius="0.02" tag="teleport"/>
  <particle m="1.0" px="0.0" py="0.0" vx="0.0" vy="0.02" fixed="0" radius="0.02" tag="teleport"/>
  <particle m="1.0" px="0.0" py="0.0" vx="0.0" vy="0.03" fixed="0" radius="0.02" tag="teleport"/>
  <particle m="1.0" px="0.0" py="0.0" vx="0.0" vy="0.04" fixed="0" radius="0.02" tag="teleport"/>
  <particle m="1.0" px="0.0" py="0.0" vx="0.0" vy="0.05" fixed="0" radius="0.02" tag="teleport"/>
  <particle m="1.0" px="0.0" py="0.0" vx="0.0" vy="0.06" fixed="0" radius="0.02" tag="teleport"/>
  <particle m="1.0" px="0.0" py="0.0" vx="0.0" vy="0.07" fixed="0" radius="0.02" tag="teleport"/>
  <particle m="1.0" px="0.0" py="0.0" vx="0.0" vy="0.08" fixed="0" radius="0.02" tag="teleport"/>
  <particle m="1.0" px="0.0" py="0.0" vx="0.0" vy="0.09" fixed="0" radius="0.02" tag="teleport"/>
  <particle m="1.0" px="0.0" py="0.0" vx="0.0" vy="0.02" fixed="0" radius="0.02" tag="teleport"/>
  <particle m="1.0" px="0.0" py="0.0" vx="0.0" vy="0.03" fixed="0" radius="0.02" tag="teleport"/>
  <particle m="1.0" px="0.0" py="0.0" vx="0.0" vy="0.04" fixed="0" radius="0.02" tag="teleport"/>
  <particle m="1.0" px="0.0" py="0.0" vx="0.0" vy="0.05" fixed="0" radius="0.02" tag="teleport"/>
  <particle m="1.0" px="0.0" py="0.0" vx="0.0" vy="0.06" fixed="0" radius="0.02" tag="teleport"/>
  <particle m="1.0" px="0.0" py="0.0" vx="0.0" vy="0.07" fixed="0" radius="0.02" tag="teleport"/>
  <particle m="1.0" px="0.0" py="0.0" vx="0.0" vy="0.08" fixed="0" radius="0.02" tag="teleport"/>
  <particle m="1.0" px="0.0" py="0.0" vx="0.0" vy="0.09" fixed="0" radius="0.02" tag="teleport"/>
  <particle m="1.0" px="0.0" py="0.0" vx="0.0" vy="0.02" fixed="0" radius="0.02" tag="teleport"/>
  <particle m="1.0" px="0.0" py="0.0" vx="0.0" vy="0.03" fixed="0" radius="0.02" tag="teleport"/>
  <particle m="1.0" px="0.0" py="0.0" vx="0.0" vy="0.04" fixed="0" radius="0.02" tag="teleport"/>
  <particle m="1.0" px="0.0" py="0.0" vx="0.0" vy="0.05" fixed="0" radius="0.02" tag="teleport"/>
  <particle m="1.0" px="0.0" py="0.0" vx="0.0" vy="0.06" fixed="0" radius="0.02" tag="teleport"/>
  <particle m="1.0" px="0.0" py="0.0" vx="0.0" vy="0.07" fixed="0" radius="0.02" tag="teleport"/>
  <particle m="1.0" px="0.0" py="0.0" vx="0.0" vy="0.08" fixed="0" radius="0.02" tag="teleport"/>
  <particle m="1.0" px="0.0" py="0.0" vx="0.0" vy="0.09" fixed="0" radius="0.02" tag="teleport"/>
  <particle m="1.0" px="0.0" py="0.0" vx="0.0" vy="0.02" fixed="0" radius="0.02" tag="teleport"/>
  <particle m="1.0" px="0.0" py="0.0" vx="0.0" vy="0.03" fixed="0" radius="0.02" tag="teleport"/>
  <particle m="1.0" px="0.0" py="0.0" vx="0.0" vy="0.04" fixed="0" radius="0.02" tag="teleport"/>
  <particle m="1.0" px="0.0" py="0.0" vx="0.0" vy="0.05" fixed="0" radius="0.02" tag="teleport"/>
  <particle m="1.0" px="0.0" py="0.0" vx="0.0" vy="0.06" fixed="0" radius="0.02" tag="teleport"/>
  <particle m="1.0" px="0.0" py="0.0" vx="0.0" vy="0.07" fixed="0" radius="0.02" tag="teleport"/>
  <particle m="1.0" px="0.0" py="0.0" vx="0.0" vy="0.08" fixed="0" radius="0.02" tag="teleport"/>
  <particle m="1.0" px="0.0" py="0.0" vx="0.0" vy="0.09" fixed="0" radius="0.02" tag="teleport"/>
  <particle m="1.0" px="0.0" py="0.0" vx="0.0" vy="0.02" fixed="0" radius="0.02" tag="teleport"/>
  <particle m="1.0" px="0.0" py="0.0" vx="0.0" vy="0.03" fixed="0" radius="0.02" tag="teleport"/>
  <particle m="1.0" px="0.0" py="0.0" vx="0.0" vy="0.04" fixed="0" radius="0.02" tag="teleport"/>
  <particle m="1.0" px="0.0" py="0.0" vx="0.0" vy="0.05" fixed="0" radius="0.02" tag="teleport"/>
  <particle m="1.0" px="0.0" py="0.0" vx="0.0" vy="0.06" fixed="0" radius="0.02" tag="teleport"/>
  <particle m="1.0" px="0.0" py="0.0" vx="0.0" vy="0.07" fixed="0" radius="0.02" tag="teleport"/>
  <particle m="1.0" px="0.0" py="0.0" vx="0.0" vy="0.08" fixed="0" radius="0.02" tag="teleport"/>
  <particle m="1.0" px="0.0" py="0.0" vx="0.0" vy="0.09" fixed="0" radius="0.02" tag="teleport"/>
  <particle m="1.0" px="0.0" py="0.0" vx="0.0" vy="0.02" fixed="0" radius="0.02" tag="teleport"/>
  <particle m="1.0" px="0.0" py="0.0" vx="0.0" vy="0.03" fixed="0" radius="0.02" tag="teleport"/>
  <particle m="1.0" px="0.0" py="0.0" vx="0.0" vy="0.04" fixed="0" radius="0.02" tag="teleport"/>
  <particle m="1.0" px="0.0" py="0.0" vx="0.0" vy="0.05" fixed="0" radius="0.02" tag="teleport"/>
  <particle m="1.0" px="0.0" py="0.0" vx="0.0" vy="0.06" fixed="0" radius="0.02" tag="teleport"/>
  <particle m="1.0" px="0.0" py="0.0" vx="0.0" vy="0.07" fixed="0" radius="0.02" tag="teleport"/>
  <particle m="1.0" px="0.0" py="0.0" vx="0.0" vy="0.08" fixed="0" radius="0.02" tag="teleport"/>
  <particle m="1.0" px="0.0" py="0.0" vx="0.0" vy="0.09" fixed="0" radius="0.02" tag="teleport"/>

  <simplegravity fx="0.0" fy="-0.01"/>
</scene>
